word,number
مهجور,-2
الهجر,-2
خطف,-2
اختطاف,-2
عمليات الاختطاف,-2
يبغض,-3
مكروه,-3
مقيت,-3
يمقت,-3
قدرات,2
قدرة,2
على متن سفينة,1
متغيب عن العمل,-1
الغائبين,-1
يعفي,2
غفران,2
يعفي,2
الغفران,2
يمتص,1
تعاطي,-3
سوء المعاملة,-3
التجاوزات,-3
تَعَسُّفيّ,-3
قبول,1
وافقت,1
القبول,1
يقبل,1
حادثة,-2
عرضي,-2
بطريق الخطأ,-2
الحوادث,-2
ينجز,2
مُتَفَوِّق,2
ينجز,2
الاتهام,-2
اتهامات,-2
اتهم,-2
المتهم,-2
يتهم,-2
يتهم,-2
وجع,-2
قابل للتحقيق,1
وجع,-2
تبرئ,2
يبرئ,2
تبرأت,2
البراءة,2
لاذع,-3
نشيط,1
مناسب,1
معجب,3
معجب,3
معجب,3
الإعجاب,3
يعترف,-1
يعترف,-1
اعترف,-1
عتاب,-2
حذر,-2
يتبنى,1
يتبنى,1
بديع,3
أعشق,3
محبوب,3
يعشق,3
المتقدمة,1
مميزات,2
مزايا,2
مفامرة,2
مغامرات,2
مغامر,2
متأثر,-1
تاثير,3
حنونة,3
منكوبة,-1
مهان,-1
خائف,-2
تزيد من حدة,-2
تفاقم,-2
تفاقم,-2
المشددة,-2
عدوان,-2
الاعتداءات,-2
عنيف,-2
مذعور,-2
agog,2
يتألم,-3
مؤلم,-3
يتألم,-3
مبرح,-3
يتألم,-3
مؤلم,-3
يتألم,-3
مبرح,-3
يوافق على,1
مقبول,2
متفق عليه,1
اتفاق,1
يوافق,1
إنذار,-2
منزعج,-2
مثير للقلق,-2
مذعورين,-2
واحسرتاه,-1
إنذار,-1
نقل ملكية,-2
على قيد الحياة,1
الحساسية,-2
السماح,1
وحده,-2
تدهش,2
مندهش,2
يذهل,2
رائعة حقا,4
طموح,2
مشاعر متناقضة,-1
سلى,3
مسليا,3
تسلية,3
الملاهي,3
الغضب,-3
غضب,-3
غاضب,-3
معاناة,-3
حزين,-3
العداء,-2
تزعج,-2
إزعاج,-2
متضايق,-2
مزعج,-2
يضايق,-2
عدائي,-2
مضاد,-1
ترقب,1
القلق,-2
قلق,-2
لا مبالي,-3
اللامبالاة,-3
أبيشيت,-3
المروع,-2
يعتذر,-1
اعتذر,-1
يعتذر,-1
الاعتذار,-1
يعتذر,-1
اعتذر,-1
يعتذر,-1
الاعتذار,-1
اعتذار,-1
مروع,-2
مروعة,-2
يسترضى,2
استرضاء,2
يسترضي,2
استرضاء,2
صفق,2
صفق,2
تصفيق,2
يصفق,2
تصفيق,2
يقدر,2
محل تقدير,2
تقدر,2
تقدير,2
تقدير,2
متخوف,-2
موافقة,2
وافق,2
يوافق,2
متحمس,1
يقبض على,-2
القى القبض,-3
اعتقالات,-2
متكبر او مغرور,-2
عار,-2
خجلان,-2
مؤخرة,-4
اغتيال,-3
اغتيالات,-3
أصل,2
أصول,2
أسفوكينج,-4
الأحمق,-4
مندهش,2
الذهول,3
بالذهول,3
مذهل,3
بشكل مذهل,3
يذهل,3
هجوم,-1
هاجم,-1
مهاجمة,-1
الهجمات,-1
جذب,1
ينجذب,1
جذب,2
جاذبية,2
عوامل الجذب,2
يجذب,1
جريء,3
السلطة,1
تجنب,-1
تجنبها,-1
يتجنب,-1
متعطشا,2
تجنب,-1
تجنبها,-1
يتجنب,-1
انتظر,-1
في انتظار,-1
ينتظر,-1
جائزة,3
منحت,3
الجوائز,3
رائع,4
مريع,-3
غير ملائم,-2
فأس,-1
مفصول,-1
المدعومة,1
دعم,2
ظهورهم,1
سيئ,-3
"صلب، قوي",-3
بشكل سيئ,-3
إنقاذ,-2
خدع,-2
خداع,-2
البامبو,-2
المنع,-2
نفي,-1
مفلس,-3
بانكستر,-3
محظور,-2
مساومة,2
حاجز,-2
نذل,-5
الأوغاد,-5
معركة,-1
المعارك,-1
للضرب,-2
جميل,3
الضرب,-1
الجمال,3
جميلة,3
جميل,3
تجميل,3
استخفاف,-2
استخفاف,-2
محبوب,3
المنفعة,2
فوائد,2
استفاد,2
يستفيد,2
تحل,-2
ثكلى,-2
يجرح,-2
بيروفينج,-2
الأفضل,3
يخون,-3
خيانة,-3
خيانة,-3
خيانة,-3
يخون,-3
أفضل,2
تحيز,-1
انحيازا,-2
كبير,1
عاهرة,-5
العاهرات,-5
مر,-2
بمرارة,-2
غريب,-2
بلاه,-2
إلقاء اللوم على,-2
اللوم,-2
اللوم,-2
إلقاء اللوم,-2
يبارك,2
بركات,2
بركة,3
أعمى,-1
النعيم,3
هناء,3
مرح,2
الكتلة,-1
اقبال,3
منعت,-1
الحجب,-1
كتل,-1
دموي,-3
ضبابية,-2
متبجح,-2
بالخط العريض,2
بكل جرأة,2
قنبلة,-1
تعزيز,1
عزز,1
التعزيز,1
يعزز,1
تجويف,-2
ضجر,-2
ممل,-3
يزعج,-2
ازعجت,-2
يزعج,-2
مزعج,-2
مقاطعة,-2
قاطع,-2
المقاطعة,-2
المقاطعات,-2
غسيل دماغ,-3
شجاع,2
اختراق,3
لالتقاط الأنفاس,5
رشوة,-3
مشرق,1
ألمع,2
سطوع,1
متألق,4
انتعش,2
حطم,-1
مكسور,-1
الحضن,-2
تخويف,-2
هراء,-4
متنمر,-2
تنمر,-2
المشكله,-2
مزدهر,2
حرج,-2
مثقلة,-2
إرهاق,-2
أعباء,-2
هدوء,2
هدأ,2
تهدئة,2
يهدئ,2
لا أستطيع الوقوف,-3
إلغاء,-1
ألغيت,-1
الإلغاء,-1
يلغي,-1
سرطان,-1
قادر,1
مأسور,3
رعاية,2
براحة البال,1
حذر,2
بحرص,2
غير مبالي,-2
يهتم,2
صرف,-2
ضحية,-2
نكبة,-3
كارثي,-4
الحذر,-1
احتفل,3
احتفل,3
تحتفل,3
الاحتفال,3
الرقيب,-2
رقابة,-2
الرقباء,-2
تأكيد,1
استياء,-2
منزعج,-2
تحدي,-1
صدفة,2
الفرص,2
فوضى,-2
فوضوية,-2
متهم,-3
شحنة,-2
سحر,3
ساحر,3
ساحر,-3
عاقب,-3
تأديب,-3
يؤدب,-3
تأديب,-3
يغش,-3
خدع,-3
الغشاشة,-3
الغشاشون,-3
غش,-3
يشجع,2
ابتهج,2
مبتهج,2
هتاف,2
كئيب,-2
في صحتك,2
مبتهج,3
يعتز,2
عزيز,2
يعتز,2
نعتز به,2
أناقة,2
طفولي,-2
يسترخي,-1
خنق,-2
مخنوق,-2
الاختناقات,-2
الاختناق,-2
يوضح,2
وضوح,2
اشتباك,-2
أنيق,3
ينظف,2
منظف,2
صافي,1
مسح,1
بوضوح,1
يزيل,1
ماهر,2
غائم,-1
جاهل,-2
الديك,-5
الحقير,-5
الحقير,-5
مغرور,-2
بالإكراه,-2
انهدام,-2
انهار,-2
ينهار,-2
الانهيار,-2
تصطدم,-1
يصطدم,-1
تصادم,-1
تصادم,-2
الاصطدامات,-2
تواطؤ,-3
قتال,-1
المعارك,-1
كوميديا,1
راحة,2
مريح,2
مطمئن,2
وسائل الراحة,2
أثني,2
أثنى,2
ارتكب,1
التزام,2
يرتكب,1
ملتزم,1
يلتزم,1
حنون,2
مجبرا,1
كفؤ,2
منافس,2
راضية,-2
تذمر,-2
اشتكى,-2
يشكو,-2
شاملة,2
تصالح,2
مصالحة,2
المصالحة,2
مصالحة,2
ادانة,-2
إدانة,-2
مدان,-2
يدين,-2
الثقة,2
واثق,2
نزاع,-2
متضاربة,-2
صراع,-2
الصراعات,-2
يربك,-2
خجول,-2
مربك,-2
مبروك,2
تهنئة,2
تهنئة,2
تهانينا,2
موافقة,2
موافقات,2
عزاء,2
مؤامرة,-3
مقيدة,-2
مرض معد,-2
العدوى,-2
معدي,-1
ازدراء,-2
ازدراء,-2
بازدراء,-2
يناقش,-1
المنافس,-1
تنافس,-1
إثارة للخلاف,-2
قابل للنزاع,-2
مثيرة للجدل,-2
بشكل مثير للجدل,-2
يقنع,1
مقتنع,1
يقنع,1
بهيج,2
بارد,1
أشياء رائعة,3
محاصر,-2
جثة,-1
مكلفة,-2
شجاعة,2
شجاع,2
مهذب,2
مجاملة,2
التستر,-3
جبان,-2
جبان,-2
الراحة,2
شد عضلي,-1
حماقة,-3
يصطدم,-2
أكثر جنونًا,-2
جنونا,-2
مجنون,-2
خلاق,2
crestfallen,-2
بكت,-2
صرخات,-2
جريمة,-3
مجرم,-3
المجرمين,-3
أزمة,-3
الناقد,-2
نقد,-2
ينتقد,-2
انتقد,-2
ينتقد,-2
ينتقد,-2
النقاد,-2
قاسية,-3
القسوة,-3
معجب,-1
سحقت,-2
يسحق,-1
سحق,-1
بكاء,-1
بكاء,-2
مهبل,-5
فضولي,1
لعنة,-1
يقطع,-1
جذاب,2
التخفيضات,-1
قطع,-1
ساخر,-2
ساخر,-2
السخرية,-2
تلف,-3
الأضرار,-3
اللعنة,-4
ملعون,-4
عليك اللعنة,-4
خطر,-2
متهور,2
جرأة,2
أحلك,-2
الظلام,-1
شجاع,2
في ذمة الله تعالى,-3
طريق مسدود,-2
يصم الآذان,-1
العزيز,2
غاليا,3
الموت,-2
مبتهج,2
دَين,-2
خداع,-3
مخادع,-3
يخدع,-3
خدع,-3
يخدع,-3
خداع,-3
الخداع,-3
حاسم,1
مخلص,2
هزم,-2
خلل,-3
عيوب,-3
مدافع,2
المدافعين,2
غير محمي,-2
تأجيل,-1
تأجيل,-1
غير هياب جريء,-1
عجز,-2
تحط من قدر,-2
متدهورة,-2
يحط,-2
تجريد من الإنسانية,-2
مجردة من الإنسانية,-2
يجرد من إنسانيته,-2
تجريد من الإنسانية,-2
كئب,-2
مكتئب,-2
كآبة,-2
يحبط,-2
تأخير,-1
تأخير,-1
بهجة,3
مسرور,3
مبهج,3
المسرات,3
الطلب,-1
طالب,-1
متطلبا,-1
حفز,-1
برهنة,-1
محبط,-2
رفض,-2
منكر,-2
المنكرون,-2
ينفي,-2
التنديد,-2
يستنكر,-2
ينكر,-2
إنكار,-2
مكتئب,-2
محزن,-2
الخروج عن مساره,-2
خرج عن مساره,-2
يخرج عن مساره,-2
السخرية,-2
سخر منه,-2
يسخر,-2
السخرية,-2
السخرية,-2
مرغوب فيه,2
رغبة,1
مرغوب,2
راغب,2
اليأس,-3
اليأس,-3
اليأس,-3
متحرّق إلى,-3
فاقد الامل,-3
يائس,-3
هدم,-3
دمرت,-3
تدمير,-3
يدمر,-3
دمار,-3
مدمرة,-3
منفصل,-1
حجز,-2
محتجز,-2
احتجاز,-2
يحدد,2
يدمر,-2
دمر,-2
مدمر,-2
كرس,3
الماس,1
قضيب,-4
أحمق,-4
موت,-3
مات,-3
صعبة,-1
خجول,-2
معضلة,-1
ديبشيت,-3
رهيب,-3
رهيب,-3
التراب,-2
أقذر,-2
أقذر,-2
متسخ,-2
التعطيل,-1
عيب,-2
المحرومين,-2
يختفي,-1
اختفى,-1
يختفي,-1
يخيب,-2
خائب الامل,-2
مخيب للامال,-2
خيبة الامل,-2
خيبات الأمل,-2
خيبة أمل,-2
كارثة,-2
الكوارث,-2
كارثي,-3
كفر,-2
تجاهل,-1
مهملة,-1
نبذ,-1
المرتجع,-1
بائس,-2
عدم عزاء,-2
ساخط,-2
الخلاف,-2
مخفضة,-1
محبط,-2
فقدت مصداقيتها,-2
ازدراء,-2
عار,-2
عار,-2
تمويه,-1
متنكرا,-1
التنكر,-1
التنكر,-1
الاشمئزاز,-3
مشمئز,-3
مقزز,-3
بخيبة أمل,-2
غير شريفة,-2
بخيبة أمل,-2
غير راغب,-2
مفكك,-2
لم يعجبنى,-2
كئيب,-2
فزع,-2
اضطراب,-2
غير منظم,-2
مرتبك,-2
الاستخفاف,-2
استخفاف,-2
الاستخفاف,-2
الاستخفاف,-2
مستاء,-2
خلاف,-2
المتنازع عليها,-2
النزاعات,-2
المتنازع عليها,-2
غير مؤهل,-2
قلق,-2
تجاهل,-2
متجاهل,-2
تجاهل,-2
التجاهل,-2
عدم احترام,-2
قلل من احترامه,-2
خلل,-2
الاضطرابات,-2
مدمرة,-2
غير راض,-2
التشوه,-2
المحرفة,-2
مشوهة,-2
يشوه,-2
يصرف,-2
مشتت الذهن,-2
إلهاء,-2
يصرف,-2
محنة,-2
محزن,-2
المحن,-2
مؤلم,-2
عدم الثقة,-3
مرتاب,-3
إزعاج,-2
مختل,-2
مزعج,-2
يزعج,-2
التردد,-2
دائِخ,-1
المراوغة,-2
المراوغة,-2
لا يعمل,-3
حزين,-2
لا أحب,-2
الموت,-2
محكوم,-2
شك,-1
شك,-1
مشكوك فيه,-1
شك,-1
شكوك,-1
نضح,-3
دوشباج,-3
مسبل,-2
مكتئب,-2
الجانب السلبي,-2
يجر,-1
جر,-1
يطول,-1
استنزاف,-2
الرهبة,-2
فزع,-2
مروع,-3
مخيف,-2
حلم,1
أحلام,1
كئيب,-2
متخاذل,-2
يسقط,-1
يغرق,-2
غرق,-2
يغرق,-2
سكران,-2
متردد,-2
الفاشلة,-2
ممل,-2
غبي,-3
غبى,-3
أحمق,-1
ملقاة,-2
مقالب,-1
مغفل,-2
مخدوع,-2
اختلال وظيفي,-2
حريص,2
جدي,2
يُسَهّل,2
سهل,1
شاطح,4
غريب,-2
غريب,-2
فعال,2
على نحو فعال,2
مبتهج,3
ابتهاج,3
أنيق,2
بأناقة,2
يحرج,-2
مُحرَج,-2
يحرج,-2
إحراج,-2
إحراج,-2
بالمرارة,-2
تعانق,1
حالة طوارئ,-2
متعاطف,2
الفراغ,-1
فارغة,-1
مسحور,2
يشجع,2
شجع,2
تشجيع,2
يشجع,2
تصادق,2
أيد,2
المصادقة,2
يؤيد,2
أعداء,-2
العدو,-2
نشيط,2
يشترك - ينخرط,1
يشارك,1
منهمك,1
التمتع,2
الاستمتاع,2
يتمتع,2
تنوير,2
المستنير,2
المنير,2
ينير,2
الملل,-2
غضب,-2
غاضب,-2
يغضب,-2
غضب,-2
بهج جدا,3
استعباد,-2
مستعبدون,-2
العبيد,-2
يضمن,1
ضمان,1
مغامر,1
مسلية,2
فتن,3
متحمس,3
مخول,1
عهد,2
يحسد,-1
حسود,-2
حسد,-1
الحسد,-1
خاطئ,-2
خطأ,-2
أخطاء,-2
هرب,-1
يهرب,-1
الهروب,-1
محترم,2
أخلاقي,2
نشوة,3
البهيجة,4
الإخلاء,-1
شر,-3
مبالغة,-2
مبالغ فيه,-2
يبالغ,-2
المبالغة,-2
غاضب,2
تفوق,3
ممتاز,3
إثارة,3
فرح,3
الإثارة,3
مثير,3
استبعاد,-1
مستبعد,-2
استبعاد,-1
حصرية,2
عذر,-1
معفى,-1
أرهق,-2
مبتهج,3
يبتهج,3
مبهج,3
تبرئ,2
تبرأ,2
يبرئ,2
تبرئة,2
وسعت,1
يتوسع,1
يطرد,-2
مطرود,-2
طرد,-2
يطرد,-2
الاستفادة,-2
مستغلة,-2
استغلال,-2
مآثر,-2
استكشاف,1
الاستكشافات,1
تعرض,-1
مكشوف,-1
يكشف,-1
تعريض,-1
تمديد,1
يمتد,1
غزير,4
مبتهج,3
ببهجة,3
خلاب,4
موضة عابرة,-2
شاذ,-3
شاذ,-3
الشواذ,-3
يفشل,-2
باءت بالفشل,-2
فشل,-2
فشل,-2
خزي,-2
الفشل,-2
ضعيف القلوب,-2
اعمال حرة,2
إيمان,1
مخلص,3
مزيف,-3
مزيفة,-3
التزييف,-3
سقط,-2
هبوط,-1
مزورة,-3
تزوير,-3
شهرة,1
المعجب,3
جميل,4
هزل,-1
فتن,3
منبهر,3
يسحر,3
مبهر,3
فاشي,-2
الفاشيين,-2
قتلى,-3
وفاة,-3
إعياء,-2
مرهق,-2
التعب,-2
مجهد,-2
محاباة,2
مفضل,2
المفضل,2
مفضل,2
المفضلة,2
حسنات,2
يخاف,-2
خوفا,-2
خوفا,-2
لا يعرف الخوف,2
مخيف,-2
طفح الكيل,-3
ضعيف,-2
شعور,1
الجنايات,-3
جناية,-3
متحمس,2
فيرفيد,2
احتفالي,2
الفشل الذريع,-3
متململ,-2
يقاتل,-1
بخير,2
نار,-2
مطرود,-2
اطلاق النار,-2
لائق بدنيا,1
اللياقه البدنيه,1
الرئيسية,2
يهرب,-1
بالتخبط,-2
يتخبط,-2
أنفلونزا,-2
مضطرب,-2
مركزة,2
مغرم,2
ولع,2
أحمق,-2
غبي,-2
الحمقى,-2
قسري,-1
الحجز على الشيء المرهون,-2
حبس الرهن العقاري,-2
ننسى,-1
النسيان,-2
يغفر,1
غفور,1
نسي,-1
محظوظ,2
محمومة,-1
تزوير,-4
الاحتيال,-4
المحتال,-4
المحتالين,-4
الاحتيال,-4
محتال,-4
مجانا,1
الحريه,2
نوبة,-3
طازج,1
ودي,2
الخوف,-2
خائف,-2
مخيف,-3
فريكين,-2
لعوب,2
عابس,-1
أحبط,-2
محبط,-2
يحبط,-2
محبط,-2
إحباط,-2
قدم,3
اللعنة,-4
مارس الجنس,-4
الأبله,-4
الأغبياء,-4
اللعنة,-4
اللعنة,-4
سخيف,-4
اللعنة,-4
فود,-3
fuked,-4
فوكينغ,-4
تحقيق,2
استيفاء,2
يفي,2
دخن,-2
مرح,4
جنازة,-1
الجنازات,-1
جبان,2
أكثر تسلية,4
مضحك,4
غاضب,-3
غير مجدي,2
أسكت,-2
مكمما,-2
يكسب,2
المكتسبة,2
كسب,2
مكاسب,2
شجاع,3
بشجاعة,3
الشجاعة,3
كريم - سخي,2
عبقري,3
شبح,-1
دائخ,-2
هدية مجانية,2
مسرور,3
براقة,3
ساحر,3
مرح,3
جذلان,3
كآبة,-1
كئيب,-2
المجيد,2
مجد,2
كئيب,-2
الله,1
ملعون,-3
هبة من الله,4
جيد,3
صلاح,3
نعمة او وقت سماح,1
الرحمن,3
كبير,3
منحة,1
ممنوح,1
منح,1
منح,1
شاكر,3
الإشباع,2
خطير,-2
اللون الرمادي,-1
رائعة,3
أكبر,3
أعظم,3
جشع,-3
طماع,-2
غسل أخضر,-3
غسل أخضر,-3
جرين ووش,-3
غسالة خضراء,-3
غسالات خضراء,-3
غسيل أخضر,-3
تحية,1
التحية,1
تحية,1
تحية طيبة,2
تحية,1
رمادي,-1
حزن,-2
حزين,-2
أزداد,-2
ينمو,1
نمو,2
ضمان,1
الذنب,-3
مذنب,-3
سذاجة,-2
ساذج,-2
بندقية,-1
هكتار,2
اخترق,-1
هاها,3
ها ها ها ها,3
هههههه,3
وابل,2
أشاد,2
التعساء,-2
التعساء,-2
سعادة,3
سعيدة,3
الصعب,-1
أصعب,2
ضائقة,-2
هاردي,2
ضرر وتلف,-2
تضررت,-2
ضار,-2
إيذاء,-2
يضر,-2
مسروق,-2
صارِم,-2
أقسى,-2
أقسى,-2
يكره,-3
مكروه,-3
الكارهين,-3
يكره,-3
كره,-3
تطارد,-1
ازم,-2
مؤرقة,1
يطارد,-1
الخراب,-2
صحي,2
مفجع,-3
مكسور القلب,-3
القلبية,3
سماء,2
السماوي,4
قلبك ملي بالهموم,-2
الجحيم,-4
يساعد,2
"معاون، مساعد، مفيد، فاعل خير",2
المساعدة,2
عاجز,-2
يساعد,2
بطل,2
الأبطال,2
بطولي,3
متردد,-2
يتردد,-2
اختبأ,-1
يخفي,-1
يختبئ,-1
إخفاء,-1
تسليط الضوء,2
مضحك جدا,2
عائق,-2
خدعة,-2
بالحنين إلى الوطن,-2
صادق,2
شرف,2
تكريم,2
تكريم,2
شرف,2
تكريم,2
تكريم,2
همجي,-2
الشغب,-2
مثيري الشغب,-2
أمل,2
متفائل,2
نأمل,2
ميئوس منه,-2
اليأس,-2
آمال,2
يأمل,2
بشع,-3
رهيب,-3
مروع,-3
مذعور,-3
عدائي,-2
ساوم,-2
حضن,2
تسربت,1
عناق,2
هزلي,3
إذلال,-3
الذل,-3
دعابة,2
روح الدعابة,2
دعابة,2
فكاهي,2
جوع,-2
يا هلا,5
جرح,-2
مؤلم,-2
يؤلم,-2
نفاق,-2
هستيريا,-3
هستيري,-3
نوبة ضحك,-3
غبي,-3
أحمق,-3
جهل,-2
جاهل,-2
يتجاهل,-1
تجاهله,-2
يتجاهل,-1
سوف,-2
غير شرعي,-3
الأمية,-2
مرض,-2
الأمراض,-2
أبله,-3
مجمدة,-1
أبدي,2
منيع,1
نافذ الصبر,-2
غير تام,-2
أهمية,2
مهم,2
فرض,-1
مفروضة,-1
يفرض,-1
فرض,-1
عاجز,-2
اعجاب,3
أعجب,3
يبهر,3
محرج,3
مسجون,-2
تحسن,2
تحسن,2
تحسين,2
يحسن,2
يتحسن,2
عجز,-2
التقاعس,-2
غير كافٍ,-2
غير قادر,-2
عاجز,-2
غاضب,-2
عدم الكفاءة,-2
غير كفء,-2
متهور,-2
غير مريح,-2
غير مريح,-2
زيادة,1
زيادة,1
غير حاسم,-2
غير قابل للتدمير,2
لا مبالاة,-2
غير مبال,-2
ساخط,-2
سخط,-2
تلقين,-2
تلقينها,-2
يلقن,-2
التلقين,-2
غير فعال,-2
غير فعال,-2
مفتون,2
الافتتان,2
مُصاب,-2
السفلي,-2
ملتهبة,-2
مؤثر,2
التعدي,-2
يثير حنقه,-2
غاضب,-2
يغضب,-2
حنق,-2
تعيق,-1
المصاب,-2
إصابة,-2
ظلم,-2
يبتكر,1
يبتكر,1
التعاون,1
مبتكر,2
محاكم التفتيش,-2
فضولي,2
مجنون,-2
جنون,-2
غير آمن,-2
غير حساس,-2
عدم الحساسية,-2
تافهة,-2
عديم الرائحة,-2
وحي - الهام,2
ملهم,2
يلهم,2
ربما,2
يلهم,2
الملهمة,3
إهانة,-2
أهان,-2
إهانة,-2
الإهانات,-2
سليم,2
النزاهة,2
ذكي,2
المكثف,1
فائدة,1
يستفد,2
مثير للإعجاب,2
الإهتمامات,1
استجوب,-2
يقطع,-2
توقف,-2
المقاطعة,-2
مقاطعة,-2
المقاطعات,-2
تخويف,-2
تخويف,-2
يرعب,-2
"ترهب، تخوف",-2
التخويف,-2
معقد,2
المؤامرات,1
لا يقهر,2
يدعو,1
دعوة,1
منيع,2
غاضب,-3
ساخر,-1
سخرية,-1
غير منطقي,-1
لا يقاوم,2
متردد,-2
غير مسؤول,2
لا رجعة فيه,-1
يزعج,-3
منزعج,-3
مزعج,-3
معزول,-1
مسبب للحكة,-2
حمار,-4
الحمير,-4
سجن,-2
طروب,2
غيور,-2
خطر,-2
أحمق,-3
يسوع,1
جوهرة,1
الجواهر,1
مزوح,2
انضم,1
نكتة,2
نكات,2
جولي,2
مرحا,2
مرح,3
بهيجة,3
بفرح,3
مكدر,-2
مبهج,3
مبتهج,3
ثاب,-1
العدل,2
بشكل مبرر,2
مبرر,2
متحمس,1
قتل,-3
قتل,-3
قتل,-3
يقتل,-3
طيب القلب,2
ألطف,2
قبلة,2
مجد,3
قلة,-2
ضعيف,-2
بطئ,-1
متخلفة,-2
متخلفة,-2
تأخر,-2
عاجِز,-2
معلم معروف,2
يضحك,1
ضحك,1
يضحك,1
يضحك,1
يضحك,1
انطلقت,1
لول,3
دعوى قضائية,-2
دعاوى قضائية,-2
كسول,-1
تسريب,-1
تسربت,-1
غادر,-1
قانوني,1
من الناحية القانونية,1
متساهل,1
كسول,-2
الخمول,-2
كذاب,-3
كذابون,-3
تشهيري,-2
كذب,-2
المنقذ,4
مرح,1
مثل,2
احب,2
الإعجابات,2
تحديد,-1
محدود,-1
حدود,-1
دعوى,-1
التقاضي,-2
حية,2
غاضب,-2
انفجرت من الضحك,4
lmfao,4
يكره,-3
مكروه,-3
يكره,-3
اشمئزاز,-3
ردهة,-2
الضغط,-2
لول,3
وحيد,-2
وحيد,-2
شوق,-1
تلوح في الأفق,-1
تلوح في الأفق,-1
تلوح في الأفق,-1
تلوح في الأفق,-1
مرتخي,-3
يفقد,-3
الخاسر,-3
خاسرة,-3
خسارة,-3
ضائع,-3
محبوب,3
الحب,3
محبوب,3
المحبوبات,3
محبوب,3
محب,2
أدنى,-1
مخلص,3
وفاء,3
حظ,3
لحسن الحظ,3
سعيد الحظ,3
حدادي,-2
مجنون,-3
المجانين,-3
ثابر,-1
يترصد,-1
يتربص,-1
مجنون,-3
مجن,-3
تتكون من,-1
بجنون,-3
جنون,-3
إلزامي,-1
التلاعب بها,-1
التلاعب,-1
بمعالجة,-1
أعجوبة,3
رائع,3
الأعاجيب,3
تحفة,4
روائع,4
قضيه,1
القضايا,1
ناضجة,2
ذو معنى,2
لا معنى له,-2
ميدالية,3
توسط,-3
تأملي,1
كآبة,-2
تهديد,-2
مهدد,-2
رحمة,2
مرح,3
فوضى,-2
عابث,-2
لخبطة,-2
المنهجي او نظامى,2
الطائش,-2
معجزة,4
طرب,3
مرح,3
بمرح,3
تسيء التصرف,-2
أساء التصرف,-2
يسيء التصرف,-2
سوء التصرف,-2
الأذى,-1
الأذى,-1
تعيس,-3
بؤس,-2
شك,-2
معلومات مضللة,-2
معلومات مضللة,-2
أسيء تفسيره,-2
مضلل,-3
أخطأت في القراءة,-1
الإبلاغ الخاطئ,-2
تحريف,-2
يغيب,-2
افتقد,-2
مفقود,-2
خطأ,-2
مخطئ,-2
اخطاء,-2
مخطئ,-2
سوء الفهم,-2
سوء فهم,-2
يسيء الفهم,-2
يساء فهمه,-2
أنين,-2
تنهد,-2
يئن,-2
يشتكي,-2
زائف,-2
سخر منهم,-2
السخرية,-2
السخرية,-2
الترويج,-2
احتكر,-2
محتكرة,-2
تحتكر,-2
احتكار,-2
متقلب المزاج,-1
كآبة,-1
الاكتئاب,-1
أحمق,-3
موظر,-5
اللعين,-5
تحفيز,1
"متحفز، مندفع",2
تحفيز,2
تحفيز,1
حزن,-2
حزن,-2
حزين,-2
حداد,-2
تنوح,-2
دماغ,-2
قتل,-2
قاتل,-2
القتل,-3
قاتلة,-3
جرائم القتل,-2
خرافة,-1
n00 ب,-2
ساذج,-2
مقرف,-3
طبيعي,1
ساذج,-2
محتاج,-2
نفي,-2
سلبية,-2
أهمل,-2
مهمل,-2
إهمال,-2
يهمل,-2
أعصاب,-1
متوتر,-2
بعصبية,-2
لطيف,3
أنيق,2
نيغاس,-5
زنجي,-5
رقم,-1
لا مرح,-3
النبيل,2
مزعج,-1
كلام فارغ,-2
لاعب غير محترف,-2
فضولي,-2
ليست جيدة,-2
لا يعمل,-3
سيئة السمعة,-2
رواية,2
نَمِل,-1
المكسرات,-3
طمس,-2
طمس,-2
بغيض,-3
فاحش,-2
مهووس,2
عفا عليها الزمن,-2
عقبة,-2
العقبات,-2
عنيد,-2
الفردية,-2
الإساءة,-2
بالإهانة,-2
الجاني,-2
الإساءة,-2
يسيء,-2
غير متصل على الانترنت,-1
حسنًا,2
مشؤوم,3
مرة واحدة في العمر,3
فرص,2
فرصة,2
مظلوم,-2
جائرة,-2
التفاؤل,2
متفائل,2
بلا خيار,-2
صرخة,-2
تفوقت عليه,-2
الغضب,-3
غاضب,-3
التواصل,2
أمتياز,5
بسعادة غامرة,4
الزائد,-1
تجاهله,-1
رد بصورة مبالغة,-2
بالغ في رد الفعل,-2
المبالغة,-2
المبالغة في ردود الفعل,-2
فرط في البيع,-2
الإفراط في البيع,-2
يفرط في البيع,-2
المبالغة في التبسيط,-2
مفرط في التبسيط,-2
يبالغ في التبسيط,-2
تبسيط,-2
المبالغة,-2
المبالغة,-2
زيادة الوزن,-1
سفسطة - كلام متناقض,-1
الم,-2
يتألم,-2
هلع,-3
مذعور,-3
الذعر,-3
جَنَّة,3
المفارقة,-1
استميحك عذرا,2
عفوا,2
العفو,2
العفو,2
بارلي,-1
شغوف,2
سلبي,-1
بشكل سلبي,-1
مثير للشفقة,-2
يدفع,-1
سلام,2
امن,2
بسلام,2
ضربة جزاء,-2
متأمل,-1
في احسن الاحوال,3
متقن,2
تماما,3
الكمال,2
خطر,-2
شهادة زور,-3
مرتكب الجريمة,-2
الجناة,-2
متحير,-2
اضطهد,-2
مضطهدين,-2
اضطهاد,-2
اضطهاد,-2
مضطرب,-2
مزعج,-2
تشاؤم,-2
متشائم,-2
متحجر,-2
رهاب,-2
رائع,2
يجمع,-1
أثار,-2
منزعج,-2
شخ,-4
سكران,-4
التبول,-3
بائس,-2
يشفق,-1
شفقة,-2
مرح,2
جَذّاب,3
من فضلك,1
مسرور,3
بكل سرور,3
متوازن,-2
سم,-2
تسمم,-2
السموم,-2
تلوث,-2
ملوث,-2
ملوث,-2
الملوثين,-2
يلوث,-2
فقير,-2
أفقر,-2
أفقر,-2
جمع,3
إيجابي,2
بشكل ايجابي,2
صيغة الملكية,-2
يؤجل,-1
مؤجل,-1
يؤجل,-1
تأجيل,-1
فقر,-1
قوي,2
ضعيف,-2
مدح,3
أشاد ومدح,3
يمدح,3
مدح,3
يصلي,1
يدعو,1
يصلي,1
prblm,-2
prblms,-2
أعدت,1
الضغط,-1
الضغط,-2
يدّعي,-1
التظاهر,-1
يتظاهر,-1
جميل,1
يحول دون,-1
منعت,-1
منع,-1
يمنع,-1
وخز,-5
السجن,-2
أسير,-2
سجناء,-2
ذو امتياز,2
استباقي,2
مشكلة,-2
مشاكل,-2
مستغل,-2
تقدم,2
بارز,2
يعد,1
وعد,1
وعود,1
يرقي,1
ترقية,1
يروّج,1
تعزيز,1
دعاية,-2
محاكمة,-1
مقاضاة,-2
المحاكمات,-1
الملاحقة القضائية,-1
احتمال,1
آفاق,1
مزدهر,3
يحمي,1
محمي,1
يحمي,1
وقفة احتجاجية,-2
المتظاهرين,-2
احتجاجا,-2
الاحتجاجات,-2
فخور,2
بفخر,2
يستفز,-1
استفزاز,-1
يستفز,-1
استفزاز,-1
العلوم الزائفة,-3
يعاقب,-2
يعاقب,-2
يعاقب,-2
عقابي,-2
انتهازي \ متغطرس,-1
في حيرة,-2
مهتز,-2
مشكوك فيه,-2
تساؤل,-1
استجواب,-1
عنصرية,-3
عنصري,-3
العنصريين,-3
غضب,-2
خسيس,-2
ماطر,-1
تبجح,-3
عشب,-3
الصراخ,-3
الصراخ,-3
اغتصاب,-4
مغتصب,-4
نشوة الطرب,2
اختطف,2
نشوة الطرب,2
هائج,4
متسرع,-2
صدقت,2
تصل,1
وصل,1
يصل,1
الوصول,1
طمأن,1
مطمئن,1
يطمئن,1
مطمئن,2
تمرد,-2
ركود اقتصادي,-2
متهور,-2
نوصي,2
مستحسن,2
توصي,2
افتدى,2
رفض,-2
رفض,-2
رفض,-2
ندم,-2
نادم,-2
ندم,-2
تأسف,-2
الندم,-2
رفض,-1
مرفوض,-1
الرافضين,-1
يرفض,-1
نبتهج,4
ابتهج,4
يفرح,4
ابتهاج,4
استرخاء,2
لا هوادة فيها,-1
الاعتماد,2
اعفاء,1
مرتاح,2
يخفف,1
تخفيف,2
الاستمتاع,2
لافت للنظر,2
الندم,-2
صد,-1
صدت,-2
إنقاذ,2
أنقذت,2
عمليات الإنقاذ,2
استياء,-2
استقيل,-1
استقال,-1
استقالة,-1
يستقيل,-1
حازم,2
حل,2
تم الحل,2
يقرر,2
حل,2
محترم,2
مسؤول,2
متجاوب,2
مريح,2
الأرق,-2
يعيد,1
رمم,1
يستعيد,1
استعادة,1
بتقييد,-2
مقيد,-2
تقييد,-2
تقييد,-2
يقيد,-2
المحتجزة,-1
يؤخر,-2
متخلفا,-2
تراجع,-1
انتقام,-2
انتقامي,-2
موقر,2
اعادة احياء,2
ينعش,2
جائزة,2
يكافأ,2
مجزي,2
المكافآت,2
ثري,2
سخيف,-3
اجهزة,-1
مزورة,-1
الاتجاه الصحيح,3
صارم,3
بصرامة,3
شغب,-2
أعمال الشغب,-2
مخاطرة,-2
المخاطر,-2
روب,-2
السارق,-2
رداء,-2
الجلباب,-2
السرقة,-2
قوي,2
روفل,4
روفلكوبتر,4
roflmao,4
رومانسي,2
rotfl,4
rotflmfao,4
روتفلول,4
يخرب,-2
مدمر,-2
تخريب,-2
أثار,-2
تخريب,-2
حزين,-2
حزين,-2
حزين,-2
للأسف,-2
آمنة,1
بأمان,1
سلامة,1
"بارز، ملحوظ",1
أخضر,-1
ساخر,-2
راضي,2
حفظ,2
أنقذ,2
احتيال,-2
الحيل,-2
فضيحة,-3
فضيحة,-3
فضائح,-3
كبش فداء,-2
كبش فداء,-2
فزع,-2
مفزوع,-2
مخيف,-2
متشكك,-2
وبخ,-2
مغرفة,3
سخرية,-2
الازدراء,-2
تصرخ,-2
صرخت,-2
صراخ,-2
صرخات,-2
ثمل,-2
ثمل,-3
شخص حثالة,-4
يؤمن,2
مؤمن,2
يؤمن,2
الفتنة,-2
الفتنة,-2
مغوي,-1
واثق من نفسه,2
مخدوع,-2
أنانية,-3
أنانية,-3
جملة او حكم على,-2
حكم,-2
جمل,-2
الحكم,-2
هادئ,2
شديدة,-2
جنسي,3
مهتزة,-2
عار,-2
عار,-2
مخجل,-2
شارك,1
مشترك,1
تشارك,1
محطمة,-2
القرف,-4
متهور,-4
غزر,-3
صدمة,-2
صدمت,-2
مروع,-2
الصدمات,-2
أطلق النار,-1
قصر النظر,-2
قصر النظر,-2
نقص,-2
النقص,-2
زبابة,-4
خجول,-1
مرض,-2
تنهد,-2
الدلالة,1
هام,1
إسكات,-1
سخيف,-1
مخلص,2
بإخلاص,2
صادق,2
اخلاص,2
شرير,-3
أحادي التفكير,-2
متشكك,-2
متشكك,-2
شك,-2
المتشككين,-2
ضربة عنيفة,-2
خفض,-2
مقطوع,-2
مائلة,-2
القطع,-2
عبودية,-3
الأرق,-2
بقعة,2
أملس,2
أملس,2
بطيئا,-2
وقحة,-5
ذكي,1
أذكى,2
أذكى,2
مسحة,-2
ابتسامة,2
ابتسم,2
يبتسم,2
يبتسم,2
الضباب الدخاني,-2
متستر,-1
ازدراء,-2
متجاهل,-2
الزجر,-2
يتغاضى,-2
رصين,1
نمطي,-1
صلب,2
تكافل,2
المحلول,1
حلول,1
يحل,1
تم حلها,1
يحل,1
حل,1
حزين,-2
بعض الأنواع,0
ابن العاهرة,-5
تهدئة,3
مهدئا,3
مهدئ,3
تعقيدا,2
تقرح,-1
حزن,-2
محزن,-2
آسف,-1
رسائل إلكترونية مزعجة,-2
مرسل بريد عشوائي,-3
مرسلي البريد العشوائي,-3
البريد العشوائي,-2
شرارة,1
التألق,3
بريق,3
متألق,3
تخميني,-2
روح,1
مفعم بالحيوية,2
بلا روح,-2
حاقد,-2
رائع,3
خفيف,2
سحق,-1
طعنة,-2
طعن,-2
مستقر,2
طعنات,-2
المماطلة,-2
توقفت,-2
توقف,-2
القدرة على التحمل,2
فرار جماعي,-2
مذهول,-2
جاع,-2
جوعا,-2
يجوع,-2
متضور جوعًا,-2
صامد,2
سرقة,-2
يسرق,-2
الصورة النمطية,-2
النمطية,-2
خنق,-1
يحفز,1
حفز,1
يحفز,1
تنشيط,2
بخيل,-2
مسروق,-2
قف,-1
توقفت,-1
وقف,-1
توقف,-1
شجاع,2
مستقيم,1
غريب,-1
بغرابة,-1
خنقا,-2
قوة,2
تعزيز - يقوي,2
عززت,2
تقوية,2
يقوي,2
مضغوط,-2
الإجهاد,-2
الضغوطات,-2
منكوبة,-2
يضرب,-1
المضربين,-2
الإضرابات,-1
قوي,2
أقوى,2
أقوى,2
أصابت,-1
صراع,-2
قاوم,-2
النضالات,-2
يكافح,-2
عنيد,-2
عالق,-2
فاجأ,-2
مدهش,4
غبي,-2
بغباء,-2
رقيق,2
حقيقي,1
جوهريا,1
تخريبي,-2
النجاح,2
ناجح,3
مص,-3
تمتص,-3
يعاني,-2
معاناة,-2
يعاني,-2
انتحاري,-2
انتحار,-2
مقاضاة,-2
عبس,-2
عابس,-2
متجهم,-2
إشراق,2
ممتاز,3
رائع,5
متفوق,2
الدعم,2
أيد,2
"مؤيد، مشجع، داعم",1
أنصار,1
دعم,1
يدعم,2
يدعم,2
نجا,2
البقاء على قيد الحياة,2
الناجي,2
مشتبه فيه,-1
مشتبه به,-1
الشك,-1
المشتبه بهم,-1
تعليق,-1
موقوف عن العمل,-1
مثير للشك,-2
أقسم,-2
أداء اليمين الدستورية,-2
يقسم,-2
حلو,2
سريع,2
بسرعة,2
يحتال,-3
النصب,-3
نصب,-3
ودي,2
تعاطف,2
متأخر,-2
دموع,-2
مناقصة,2
توتر,-2
توتر,-1
كريه,-3
بشكل رهيب,-3
رائع,4
مذعور,-3
الرعب,-3
أرعب,-3
أرعب,-3
يرعب,-3
شكر,2
شاكرين,2
شكرًا,2
شائك,-2
وقور,2
طائش,-2
التهديد,-2
هدد,-2
هدد,-2
تهديد,-2
يهدد,-2
التهديدات,-2
بسعادة غامرة,5
أحبط,-2
أحبطت,-2
إحباط,-2
يحبط,-2
خجول,-2
جبان,-2
مرهق,-2
الثدي,-2
متسامح,2
بلا أسنان,-2
أعلى,2
قمم,2
تمزقها,-2
تعذيب,-4
معذب,-4
تعذيب,-4
تعذيب,-4
شمولي,-2
الشمولية,-2
توت,-2
توصف,-2
الترويج,-2
يروج,-2
مأساة,-2
مأساوي,-2
هادئ,2
فخ,-1
مُحاصَر,-2
صدمة,-3
صادم,-3
مهزلة,-2
خيانة,-3
خيانة,-3
كنز,2
كنوز,2
يرتجف,-2
مرتجف,-2
خداع,-2
خداع,-2
انتصار,4
منتصر,4
مشكلة,-2
مضطرب,-2
مشاكل,-2
TRUE,2
ثقة,1
موثوق به,2
ورم,-2
الفرج,-5
البشع,-3
غير مقبول,-2
غير مقدر,-2
غير موافق عليه,-2
غير مدرك,-2
لا يصدق,-1
غير مؤمن,-1
غير متحيزة,2
غير مؤكد,-1
غير واضح,-1
غير مريح,-2
غير مبال,-2
غير مؤكد,-1
غير مقتنع,-1
غير معتمد,-1
متردد,-1
يقلل من شأن,-1
التقليل من شأنها,-1
يستخف,-1
التقليل,-1
تقويض,-2
تقوض,-2
يقوض,-2
تقويض,-2
غير مستحق,-2
غير مرغوب فيه,-2
غير مستقر,-2
البطالة,-2
غير متكافئ,-1
لا مثيل له,2
غير اخلاقي,-2
غير منصف,-2
غير مركّز,-2
لم تتحقق,-2
تعيس,-2
غير صحي,-2
موحد,1
غير متأثر,-2
غير ذكي,-2
المتحدة,1
غير عادل,-2
غير محبوب,-2
غير محبوب,-2
لا مثيل لها,1
غير محفز,-2
غير محترف,-2
غير مفحوصة,-2
غير راضي,-2
غير مضمون,-2
غير مستقر,-1
غير متطور,-2
غير مستقر,-2
لا يمكن وقفه,2
غير مدعوم,-2
غير متأكد,-1
لم تشوبها شائبة,2
غير مرغوب فيه,-2
لا يستحق,-2
منزعج,-2
الاضطرابات,-2
مزعج,-2
متوتر,-2
العاجلة,-1
مفيد,2
فائدة,2
عديم الفائدة,-2
عدم الجدوى,-2
غامض,-2
التحقق من صحة,1
التحقق من صحتها,1
يتحقق,1
التحقق من صحة,1
حكم,-1
الأحكام,-1
مكتسبة,1
انزعاج,-2
مزعج,-2
نابض بالحياة,3
وحشي,-2
ضحية,-3
ضحية,-3
ضحية,-3
ضحية,-3
الإيذاء,-3
الضحايا,-3
اليقظة,3
حقير,-3
تبرئة,2
مبرر,2
تبرئة,2
تبرئة,2
ينتهك,-2
انتهكت,-2
ينتهك,-2
ينتهك,-2
هنف,-3
عنيف,-3
فاضلة,2
خبيث,-2
رؤية,1
البصيرة,3
الرؤية,1
رؤى,1
حيوية,3
فيتامين,1
"حاقد، ماكر",-3
مرح,3
صاخب,-1
وهن,-2
غير حصين,-2
الخروج,-2
الإضرابات,-2
wanker,-3
يريد,1
حرب,-2
حرب,-2
دافيء,1
الدفء,2
تحذير,-2
محذر,-2
تحذير,-3
تحذيرات,-3
يحذر,-2
المخلفات,-1
ضاع,-2
الهزال,-2
متذبذب,-1
ضعيف,-2
ضعف,-2
ثروة,3
ثري,2
المرهق,-2
ابكي,-2
البكاء,-2
عجيب,-2
أهلا بك,2
رحب,2
يرحب,2
مرح,1
تبرئة,-3
عاهرة,-4
شريرة,-2
الأرامل,-1
الرغبة,2
فوز,4
الفائز,4
الفوز,4
يفوز,4
winwin,3
رغبة,1
التمنيات,1
الراغبين,1
انسحاب,-3
woebegone,-2
محزن,-3
فاز - ربح,3
رائع,4
وو,3
ووهو,3
ووو,4
واو,4
البالية,-1
قلق,-3
قلق,-3
مقلق,-3
أسوأ,-3
تزداد سوءا,-3
ساءت,-3
تفاقم,-3
يسوء,-3
يعبد,3
أسوأ,-3
يستحق,2
عديم القيمة,-2
ذو قيمة,2
رائع,4
واو,4
واووو,4
غاضب,-3
حطام سفينة,-2
خاطئ - ظلم - يظلم,-2
مظلوم,-2
ماهذا الهراء؟,-4
بلى,1
توق,1
نعم,2
نعم,1
شاب,2
مقزز,-2
لذيذ,3
متعصب,-2
المتعصبين,-2
متحمس,2
